-- phpMyAdmin SQL Dump
-- version 4.6.5.2
-- https://www.phpmyadmin.net/
--
-- Host: 127.0.0.1
-- Generation Time: Jan 03, 2018 at 05:30 AM
-- Server version: 10.1.21-MariaDB
-- PHP Version: 7.1.1

SET SQL_MODE = "NO_AUTO_VALUE_ON_ZERO";
SET time_zone = "+00:00";


/*!40101 SET @OLD_CHARACTER_SET_CLIENT=@@CHARACTER_SET_CLIENT */;
/*!40101 SET @OLD_CHARACTER_SET_RESULTS=@@CHARACTER_SET_RESULTS */;
/*!40101 SET @OLD_COLLATION_CONNECTION=@@COLLATION_CONNECTION */;
/*!40101 SET NAMES utf8mb4 */;

--
-- Database: `practicalms`
--

-- --------------------------------------------------------

--
-- Table structure for table `experiment`
--

CREATE TABLE `experiment` (
  `Expid` int(11) NOT NULL,
  `Expno` int(11) NOT NULL,
  `Title` varchar(30) NOT NULL,
  `Subid` int(11) NOT NULL,
  `Tid` int(11) NOT NULL,
  `Start_date` date NOT NULL,
  `End_date` date NOT NULL
) ENGINE=InnoDB DEFAULT CHARSET=latin1;

--
-- Dumping data for table `experiment`
--

INSERT INTO `experiment` (`Expid`, `Expno`, `Title`, `Subid`, `Tid`, `Start_date`, `End_date`) VALUES
(1, 1, 'Database schema', 1, 1, '2017-07-01', '2017-07-11'),
(2, 2, 'ER diagram', 1, 1, '2017-07-11', '2017-07-16'),
(3, 3, 'Select query', 1, 1, '2017-07-14', '2017-07-20'),
(4, 4, 'update query', 1, 1, '2017-07-17', '2017-07-22'),
(5, 1, 'Normalization', 2, 1, '2017-07-01', '2017-07-11'),
(6, 2, 'Database security', 2, 1, '2017-07-10', '2017-07-16'),
(7, 3, 'experiment 3', 2, 1, '2017-07-14', '2017-07-16'),
(8, 4, 'experiment 4', 2, 1, '2017-07-17', '2017-07-22'),
(9, 1, 'input/output', 3, 2, '2017-07-01', '2017-07-11'),
(10, 2, 'Operators', 3, 2, '2017-07-11', '2017-07-16'),
(11, 3, 'functions', 3, 2, '2017-07-14', '2017-07-16'),
(12, 4, 'Experiment 4', 3, 2, '2017-07-17', '2017-07-22'),
(13, 1, 'Operator Overloading', 4, 2, '2017-07-01', '2017-07-11'),
(14, 2, 'File manipulation', 4, 2, '2017-07-14', '2017-07-16'),
(15, 3, 'Experiment 3', 4, 2, '2017-07-17', '2017-07-22'),
(16, 4, 'Experiment 4', 4, 2, '2017-07-17', '2017-07-22'),
(17, 1, 'Arrays', 5, 3, '2017-07-01', '2017-07-11'),
(18, 2, 'Strings', 5, 3, '2017-02-11', '2017-02-16'),
(19, 3, 'Linked List', 5, 3, '2017-07-14', '2017-07-16'),
(20, 4, 'Queue', 5, 3, '2017-07-17', '2017-07-20'),
(21, 1, 'kernel', 6, 3, '2017-07-01', '2017-07-11'),
(22, 2, 'Job s Algo', 6, 3, '2017-07-10', '2017-07-16'),
(23, 3, 'Deadlock', 6, 3, '2017-07-14', '2017-07-16'),
(24, 4, 'Experiment 4', 6, 3, '2017-07-17', '2017-07-22'),
(25, 1, 'HTTP protocols', 7, 4, '2017-07-01', '2017-07-16'),
(26, 1, 'Experiment 1', 8, 4, '2017-07-10', '2017-07-16'),
(27, 4, 'test', 3, 2, '2017-08-07', '2017-08-09'),
(28, 12, 'sf', 5, 3, '2017-12-12', '2017-12-12');

-- --------------------------------------------------------

--
-- Table structure for table `student`
--

CREATE TABLE `student` (
  `Sid` int(11) NOT NULL,
  `Rollno` int(11) NOT NULL,
  `Name` varchar(30) NOT NULL,
  `Batch` varchar(3) NOT NULL,
  `Class` varchar(3) NOT NULL DEFAULT 'S.E'
) ENGINE=InnoDB DEFAULT CHARSET=latin1;

--
-- Dumping data for table `student`
--

INSERT INTO `student` (`Sid`, `Rollno`, `Name`, `Batch`, `Class`) VALUES
(3, 151105003, 'BAPU SANJAY MORAYE', 'A', 'S.E'),
(4, 151105005, 'BIST LAXMAN', 'A', 'S.E'),
(5, 151105006, ' BORKAR SAISH RAMESH', 'A', 'S.E'),
(6, 151105007, ' BORKAR SNEHA SURESH', 'A', 'S.E'),
(7, 151105008, ' CHAUHAN SOHAMKUMAR ', 'A', 'S.E'),
(8, 151105009, ' DAMLE OMKAR VINAYAK', 'A', 'S.E'),
(9, 151105010, ' DEVAPRIYA DEB', 'A', 'S.E'),
(10, 151105011, ' DIAS JANICE BELARINA', 'A', 'S.E'),
(11, 151105012, ' FERNANDES BLESSY', 'A', 'S.E'),
(12, 151105013, 'FERNANDES MACBETH ALOYSIUS', 'A', 'S.E'),
(13, 151105014, ' FERNANDES ROFERN LOURDES', 'A', 'S.E'),
(14, 151105015, ' GADEKAR ARPESH ARJUN', 'A', 'S.E'),
(15, 151105016, ' GAONKAR ABHIJIT ARJUN', 'B', 'S.E'),
(16, 151105017, 'GAONKAR CHANDU ANAND', 'B', 'S.E'),
(17, 151105018, ' GAONKAR NEEDHI UMESH', 'B', 'S.E'),
(18, 151105019, ' GAUDE KAMLESH  CHANDRAKANT', 'B', 'S.E'),
(19, 151105020, ' GAUNKAR KISHA KAVI', 'B', 'S.E'),
(20, 151105021, 'GOVEKAR MANJUSHA ANANT', 'B', 'S.E'),
(21, 151105022, ' HARMALKAR DIVYA SANJAY', 'B', 'S.E'),
(22, 151105023, ' HULLI RAHUL RAVI', 'B', 'S.E'),
(23, 151105024, ' KALPITA KRISHNA RAUL', 'B', 'S.E'),
(24, 151105026, ' KHANDALEKAR ANAND SHAILESH', 'B', 'S.E'),
(25, 151105027, ' KHATAVKAR MUGDHA ', 'B', 'S.E'),
(26, 151105029, 'KINLEKAR ANOOP MOHAN', 'B', 'S.E'),
(27, 151105030, ' KULKARNI SHIVANI HARISH', 'B', 'S.E'),
(28, 151105031, 'KUNKOLKAR MUKESH RAMA', 'B', 'S.E'),
(29, 151105032, ' KURTARKAR SHIVAM RATNADEEP', 'B', 'S.E'),
(30, 151105033, ' MALVIKA BHASIN', 'C', 'S.E'),
(32, 151105035, 'MANERIKAR SHRAVAN RAVINDRA', 'C', 'S.E'),
(33, 151105036, 'NADKARNI SHIVANI VIJAY', 'C', 'S.E'),
(34, 151105037, 'NAIK ANAY DILIP', 'C', 'S.E'),
(35, 151105038, 'NAIK GAUNEKAR ANAG VALLABH', 'C', 'S.E'),
(36, 151105039, ' NAIK NEHAL RAJENDRA', 'C', 'S.E'),
(37, 151105040, 'NAIK RUDRESH MAHADEV', 'C', 'S.E'),
(38, 151105041, ' NAYAK RAKSHA MANJUNATH', 'C', 'S.E'),
(39, 151105042, 'NEHA', 'C', 'S.E'),
(40, 151105043, ' NIKITA SALKAR', 'C', 'S.E'),
(41, 151105044, 'PARAB NIKHIL NISHIKANT', 'C', 'S.E'),
(42, 151105047, 'PRABHUDESAI NANDAN NITIN', 'C', 'S.E'),
(43, 151105048, 'PRABHUDESAI RUSHIKESH NITIN', 'C', 'S.E'),
(44, 151105049, 'RAIKAR KARAN SURENDRA', 'C', 'S.E'),
(45, 151105050, ' SAKHARDANDE SANKET SANDIP', 'D', 'S.E'),
(46, 151105051, ' SALELKAR SHWETA', 'D', 'S.E'),
(47, 151105052, ' SAWANT RUDRA ARUN', 'D', 'S.E'),
(48, 151105054, 'SHETYE VAISHNAVI PRASAD', 'D', 'S.E'),
(49, 151105056, ' SINAI TALAULIKAR MAYURI ', 'D', 'S.E'),
(50, 151105057, 'SINARI NAVINA NANDAN', 'D', 'S.E'),
(51, 151105058, ' SINGHAN PRATIK BAJIRAO', 'D', 'S.E'),
(52, 151105059, 'TANMAY KEDAR NAIK', 'D', 'S.E'),
(53, 151105060, 'TARI VAIBHAVI VINOD', 'D', 'S.E'),
(54, 151105061, 'THALI MOHIT NILKANT', 'D', 'S.E'),
(55, 151105062, ' TIVREKAR SHAILENDRA ', 'D', 'S.E'),
(56, 151105063, 'VARPEKAR  ROSHANI RAMESH', 'D', 'S.E'),
(57, 151105064, 'VIENNA ADORA D\'SA', 'D', 'S.E'),
(58, 151105065, 'WADKAR PRASAD KALIDAS', 'D', 'S.E'),
(59, 151105066, 'JOSEPH ANDREA', 'D', 'S.E'),
(60, 151105067, 'PURANIK RAJIV RAMAKRISHNA', 'D', 'S.E'),
(61, 257, 'ANTAO RSENIO', 'A', 'T.E'),
(62, 258, 'BAPAT VAISHNAVEE', 'A', 'T.E'),
(63, 259, 'BHANDIYE REEYA', 'A', 'T.E'),
(64, 260, 'BHANDIYE VAISHNAVI', 'A', 'T.E'),
(65, 261, 'BHATT GEETANJALI', 'A', 'T.E'),
(66, 262, 'CARBOTKAR LEENA', 'A', 'T.E'),
(67, 263, 'CHARI LAUKIKA', 'A', 'T.E'),
(68, 264, 'DABHOLKER SWETA', 'A', 'T.E'),
(69, 265, 'DALVI SALONEE', 'A', 'T.E'),
(70, 266, 'DALVI SHIVANI', 'A', 'T.E'),
(71, 267, 'DARPAN KUMAR SHARMA', 'A', 'T.E'),
(72, 268, 'DESAI KEERTI', 'A', 'T.E'),
(73, 269, 'DIAS JOSITA', 'B', 'T.E'),
(74, 270, 'DMELLO SHELDON', 'B', 'T.E'),
(75, 271, 'ESTROCIO CRESSIDA', 'B', 'T.E'),
(76, 272, 'FATERPEKAR NAVIN', 'B', 'T.E'),
(77, 273, 'FERREIRA STACEY', 'B', 'T.E'),
(78, 274, 'GOANKAR DIVYA', 'B', 'T.E'),
(79, 275, 'GAONAKR KAUSHAL', 'B', 'T.E'),
(80, 276, 'GAUDE NACHITA', 'B', 'T.E'),
(81, 277, 'GAONKAR KAMLESH', 'B', 'T.E'),
(82, 278, 'GAWDE SUKHADA', 'B', 'T.E'),
(83, 279, 'GOMES RAINA', 'B', 'T.E'),
(84, 280, 'GOVEKAR RESHMI', 'B', 'T.E'),
(85, 281, 'HONAVAR PRASAD', 'C', 'T.E'),
(86, 282, 'INGOLE POONAM', 'C', 'T.E'),
(87, 283, 'JOSHI SHRUTI', 'C', 'T.E'),
(88, 284, 'KAMBLI SWETA', 'C', 'T.E'),
(89, 285, 'KELKAR PRASANNA', 'C', 'T.E'),
(90, 286, 'KENALDEKAR JAYESH', 'C', 'T.E'),
(91, 287, 'KENY SAYULI', 'C', 'T.E'),
(92, 288, 'KUNKOLKAR SAGAR', 'C', 'T.E'),
(93, 289, 'MAERKAR KARUNA', 'C', 'T.E'),
(94, 290, 'MERRY QUEEN MARKHAP', 'C', 'T.E'),
(95, 291, 'MOGUDA ARJUN', 'C', 'T.E'),
(96, 292, 'MOTA JOANNA SHARON', 'C', 'T.E'),
(97, 293, 'MUTTUKUNDU MAHESH', 'D', 'T.E'),
(98, 294, 'NAIK ANKITA', 'D', 'T.E'),
(99, 295, 'NAIK ANKITA SHEKHAR', 'D', 'T.E'),
(100, 296, 'NAIK ANKUSH', 'D', 'T.E'),
(101, 297, 'NAIK KAMLESH', 'D', 'T.E'),
(102, 298, 'NAIK MAHESH', 'D', 'T.E'),
(103, 299, 'NAIK PRANALI', 'D', 'T.E'),
(104, 300, 'NAIK PRANJALI', 'D', 'T.E'),
(105, 301, 'NAIK SUNIL', 'D', 'T.E'),
(106, 302, 'NEUSI SHLOKA NARAYAN', 'D', 'T.E'),
(107, 303, 'RELIZA GOMES', 'D', 'T.E'),
(108, 304, 'REVANKAR VARSHA', 'D', 'T.E');

-- --------------------------------------------------------

--
-- Table structure for table `student-exp`
--

CREATE TABLE `student-exp` (
  `SEid` int(11) NOT NULL,
  `Expid` int(11) NOT NULL,
  `Sid` int(11) NOT NULL,
  `Sub_date` date NOT NULL,
  `Marks` int(11) NOT NULL,
  `status` int(1) NOT NULL DEFAULT '1'
) ENGINE=InnoDB DEFAULT CHARSET=latin1;

--
-- Dumping data for table `student-exp`
--

INSERT INTO `student-exp` (`SEid`, `Expid`, `Sid`, `Sub_date`, `Marks`, `status`) VALUES
(1, 1, 3, '2017-07-10', 5, 1),
(2, 2, 4, '2017-07-10', 5, 1),
(3, 3, 4, '2017-07-10', 5, 1),
(4, 1, 4, '2017-07-10', 5, 1),
(5, 4, 4, '2017-07-10', 5, 1),
(6, 2, 7, '2017-07-10', 5, 1),
(7, 3, 7, '2017-07-10', 5, 1),
(8, 1, 8, '2017-07-10', 5, 1),
(9, 2, 6, '2017-07-10', 5, 1),
(10, 1, 5, '2017-07-10', 5, 1),
(11, 1, 7, '2017-07-10', 5, 1),
(12, 1, 6, '2017-07-10', 5, 1),
(13, 1, 9, '2017-07-10', 5, 1),
(14, 1, 10, '2017-07-10', 5, 1),
(15, 2, 10, '2017-07-10', 5, 1),
(16, 2, 12, '2017-07-10', 5, 1),
(17, 1, 13, '2017-07-10', 5, 1),
(18, 2, 14, '2017-07-10', 5, 1),
(19, 6, 62, '2017-07-10', 5, 1),
(20, 5, 64, '2017-07-10', 5, 1),
(21, 7, 61, '2017-07-10', 5, 1),
(22, 7, 64, '2017-07-10', 5, 1),
(23, 5, 62, '2017-07-10', 5, 1),
(24, 6, 64, '2017-07-10', 5, 1),
(25, 6, 65, '2017-07-10', 5, 1),
(26, 6, 61, '2017-07-10', 5, 1),
(27, 6, 63, '2017-07-10', 5, 1),
(28, 5, 63, '2017-07-10', 5, 1),
(29, 5, 61, '2017-07-10', 5, 1),
(30, 5, 65, '2017-07-10', 5, 1),
(31, 5, 66, '2017-07-10', 5, 1),
(32, 5, 67, '2017-07-10', 5, 1),
(33, 5, 68, '2017-07-10', 5, 1),
(34, 5, 69, '2017-07-10', 5, 1),
(35, 5, 70, '2017-07-10', 5, 1),
(36, 5, 71, '2017-07-10', 5, 1),
(37, 5, 72, '2017-07-10', 5, 1),
(41, 18, 3, '2017-07-11', 5, 0),
(42, 9, 3, '2017-08-08', 5, 0);

-- --------------------------------------------------------

--
-- Table structure for table `subject`
--

CREATE TABLE `subject` (
  `Subid` int(11) NOT NULL,
  `Name` varchar(30) NOT NULL,
  `Class` varchar(3) NOT NULL DEFAULT 'S.E',
  `Tid` int(11) NOT NULL
) ENGINE=InnoDB DEFAULT CHARSET=latin1;

--
-- Dumping data for table `subject`
--

INSERT INTO `subject` (`Subid`, `Name`, `Class`, `Tid`) VALUES
(1, 'SAD', 'S.E', 1),
(2, 'DBMS', 'T.E', 1),
(3, 'Basics of C++', 'S.E', 2),
(4, 'OOPD', 'T.E', 2),
(5, 'DS', 'S.E', 3),
(6, 'OS', 'T.E', 3),
(8, 'AI', 'T.E', 4);

-- --------------------------------------------------------

--
-- Table structure for table `teacher`
--

CREATE TABLE `teacher` (
  `Tid` int(11) NOT NULL,
  `Username` varchar(20) NOT NULL,
  `Password` varchar(255) NOT NULL,
  `Name` varchar(30) NOT NULL
) ENGINE=InnoDB DEFAULT CHARSET=latin1;

--
-- Dumping data for table `teacher`
--

INSERT INTO `teacher` (`Tid`, `Username`, `Password`, `Name`) VALUES
(1, 'Sweta', '12345', 'Shweta Morajkar'),
(2, 'Kavita', '12345', 'Kavita Asnani'),
(3, 'HOD', '12345', 'J.A Laxminarayan'),
(5, 'temp', '12345', 'Temp teacher');

-- --------------------------------------------------------

--
-- Table structure for table `upload`
--

CREATE TABLE `upload` (
  `id` int(11) NOT NULL,
  `expid` int(3) NOT NULL,
  `name` varchar(30) NOT NULL,
  `type` varchar(30) NOT NULL,
  `size` int(11) NOT NULL,
  `content` mediumblob NOT NULL
) ENGINE=InnoDB DEFAULT CHARSET=latin1;

--
-- Dumping data for table `upload`
--

INSERT INTO `upload` (`id`, `expid`, `name`, `type`, `size`, `content`) VALUES
(18, 28, 'Activity.jpg', 'image/jpeg', 22219, 0xffd8ffe000104a46494600010101006000600000ffdb004300080606070605080707070909080a0c140d0c0b0b0c1912130f141d1a1f1e1d1a1c1c20242e2720222c231c1c2837292c30313434341f27393d38323c2e333432ffdb0043010909090c0b0c180d0d1832211c213232323232323232323232323232323232323232323232323232323232323232323232323232323232323232323232323232ffc000110802be01b203012200021101031101ffc4001f0000010501010101010100000000000000000102030405060708090a0bffc400b5100002010303020403050504040000017d01020300041105122131410613516107227114328191a1082342b1c11552d1f02433627282090a161718191a25262728292a3435363738393a434445464748494a535455565758595a636465666768696a737475767778797a838485868788898a92939495969798999aa2a3a4a5a6a7a8a9aab2b3b4b5b6b7b8b9bac2c3c4c5c6c7c8c9cad2d3d4d5d6d7d8d9dae1e2e3e4e5e6e7e8e9eaf1f2f3f4f5f6f7f8f9faffc4001f0100030101010101010101010000000000000102030405060708090a0bffc400b51100020102040403040705040400010277000102031104052131061241510761711322328108144291a1b1c109233352f0156272d10a162434e125f11718191a262728292a35363738393a434445464748494a535455565758595a636465666768696a737475767778797a82838485868788898a92939495969798999aa2a3a4a5a6a7a8a9aab2b3b4b5b6b7b8b9bac2c3c4c5c6c7c8c9cad2d3d4d5d6d7d8d9dae2e3e4e5e6e7e8e9eaf2f3f4f5f6f7f8f9faffda000c03010002110311003f00f7fa28a2800a28a2800a28a2800a28a2800a28a2800a28a2800a28a2800a28a2800a28a2800a28a2800a28a2800a28a2800ac2d67c5563a3b18b99ee47fcb243d3ea7b557f176be74ab516b6ed8ba9d7ef03ca2fafd7d2bcd0b1662cc4927924d7761b0bceb9e7b1c589c5723e586e7533f8f753766f261b7897b7ca58fe79fe94eb7f1f6a28e3cfb78254ef80549fc7ff00ad5c9d15dff56a56b729c3f58ab7bf31eb1a37896c75901236315c632617ebf81ef5b35e211c8f148b246c55d4e5594e0835ea3e17d77fb66c0acc47daa1c093fda1d9abcfc4e17d9ae68ec77e1b13ed1f2cb737a8a28ae23b028a28a0028a28a0028a28a0028a28a0028a28a0028a28a0028a28a0028a28a0028a28a0028a28a0028a28a0028a28a0028a28a0028a28a0028a28a0028a28a0028a28a0028a28a0028a28a0028a28a0028a28a0028a28a0028a28a0028a28ed401e45e23ba6bcf105e48dd16428bcf65e07f2acbab9aac662d5ef10e72b338e7ea6a9d7d0c1251491e04db726d851451564856e7846edad7c456f83859731b7be7a7eb8ac3ad3f0f4665f1058a8ed286fcb9fe959d549c1a7d8d2936a69a3d7a8a41d296be7cf7428a28a0028a28a0028a28a0028a28a0028a28a0028a28a0028a28a0028a28a0028a28a0028a28a0028a28a0028a28a0028a28a0028a28a0028a28a0028a28a0028a28a0028a28a0028a28a0028a28a0028a28a0028a28a0028a28a0028a28a00f3af1be92d05ff00f6846a4c53603ffb2c3fc47f5ae4ebda6f2d22bdb6782640e8e3041af38d67c277761233daab4f076c72cbf51dff000af570b898b8a84b747978ac3b52e78ec73b452b2b29218104750452a23c8c1514b31e000339aee3886d765e07d299a66d46452140d9167bfa9fe9f9d53d17c25717722cb7aa6287aec3f79bfc2bd16dadd2da158e350aaa3000e8057062f12b97922776170ef9b9e44d451457967a614514500145145001451450014514500145145001451450014514500145145001451450014514500145145001451450014514500145145001451450014514500145145001451450014514500145145001451450014514500145145001451450014d64571c8a75140191ace9f03695792346accb03904a838c29ab56fa75bc28be5c689c0fbaa0541abdec5f63bcb2559e4b86b76012381dfef02072010324559b5d420b893c84f396454dc56481e3e3a7f1015afbfc865ee7396551507029d451591a8514514005145140051451400514514005145140051451400514514005145140051451400514514005145140051451400514514005145140051451400514514005145140051451400514514005145140051451400514535dd63467760a8a32ccc7000f5a007515c5ea5f11ec2d6668acad64bcda705cb79687e87049fcab3ffe167c9ff4055ffc0bff00ec2b7586aad5d231788a49dae7a2515e77ff000b3e4ffa02affe05ff00f6147fc2cf93fe80abff00817ffd853faad5ec2facd2ee7a2515e77ff0b3e4ff00a02aff00e05fff006147fc2cf93fe80abff817ff00d851f55abd83eb34bb9e894579dffc2cf93fe80abff817ff00d851ff000b3e4ffa02affe05ff00f6147d56af60facd2ee76d71fb8d52da7fe198181febf794fe8c3fe054597efaeaeeefb33f929feea641ff00c78b7e95c15e7c4692eed9a21a4ac6d90caff6aced6041071b39e474a5b5f88ef6969140ba3ab08d42ee377cb1ee7ee77eb57f57abcbb6a47d629f36fa1e954579dffc2cf93fe80abff817ff00d851ff000b3e4ffa02affe05ff00f6151f55abd8bfacd2ee7a2515e77ff0b3e4ff00a02aff00e05fff006147fc2cf93fe80abff817ff00d851f55abd83eb34bb9e894579dffc2cf93fe80abff817ff00d851ff000b3e4ffa02affe05ff00f6147d56af60facd2ee7a2515e77ff000b3e4ffa02affe05ff00f615a9a57c43d3af66586f217b266380ecc193f16e31f88c54bc3d54aed0d6229b764cec28a28ac4d828a28a0028a28a0028a28a0028a28a0028a28a0028a28a0028a28a0028a28a0028a28a0028a28a0028a28a0028a28a0028a28a0028a28a0028a28a0028a28a0028a2a2b9b986d21f3677da990b9c13c9381d284afb037625ae23e23ea72dbd85ad844c545cb334841eaab8e3f127f4aeca0b982e537c1324abea8c0d79e7c4cff8fed3bfeb9bff0035adf0f1bd5499862256a4da385a28a2bd83c90a28a2800a28a2800a2b53c43a6c3a4eb5359dbb48d1a2a1064209e541ec07ad53b5b0bcbdddf64b49ee36637795197c67a67152a49c79ba0dc5a762bd14f96292095a29a378e453864752083ee0d5cfec3d5f6eefecabedb8ce7ecef8fe54dc92dc145bd0a1456849691369f62d6f6f7c6ea7665259079721ce008f1c93eb50ff00665ff9124ff61b9f263243c9e536d523ae4e38c51cc83959568a28a620a28a2800a28a2803d53e1f6a925ee86f6d33167b47d8a4f5d84657f2e47d00aebabcfbe18fdcd4bfde8ff91af41af1b1092a8d23d7a0dba69b0a28a2b1360a28a2800a28a2800a28a2800a28a2800a28a2800a28a2800a28a2800a28a2800a28a2800a28a2800a28a2800a28a2800a28a2800a28a2801b231489d875009acdb51a95cd9c139bd814c91abe3ecfd3233fdead19bfd449fee9fe555f4cff00904d9ffd704ffd0455a768dc86af2b0cf2352ff9ff0087ff0001bffb2aa7a92dd5bc504b757d09852e222dfb9d981b8739ddc56d50403d46685369dc1c134644ed6b7cfbedec259e5ed3a830e3fe07c123e99ae0bc790ddc375622ee712128e5173bb60c8e376016fc457aa579bfc4dff8fed3bfeb9c9fcd6ba30d3fde24618987eedb385a28a2bd43cc0a28a2800a3bd145340743e36ff91a6e7fdc8fff0040156b54bbbed37c3ba2ae9d3cd6f6b2425de4858aee949390587f2ff0aa7ff09b78876edfed0e318ff531ff00f135534ef116ada4c4d1595ebc71b1c942aac01f60c0e3f0ae654e7caa2d2d3f1fc0df9e3ccdabebfd773a81e75cea3e149ef61325f3863286c0628a72acd9f41934dbbd42e34db0d59e7f11c578f75f2db476d705d90eece7fd8e3b0e3b560697ad7fc54b06a7abc925c6d624b9e4a9c1c103d01e702ba2b8f125aad9dc2ddebffdb11c9194169fd9e22058f42588e80d67384934ad7ff87bdb6ff2ff002d6138bd6ffd5b7dff00cffcea5a7fc83bc1ff00f5f727fe8c1566cb5ad46e3e20b5acb75235b19e487c8cfeef680c07cbd3b75ae45355bd48ece359b0b66e5e01b17e462724f4e79f5a6c5a95dc3a9ff68c7362ef797f3368fbc73938c63bfa56ae8def7f3fc4c555b256f2fc082750b712aa8c00e401f8d474acc5dd998e598e49a4ad96c6527777414514531051451401e83f0cbeeea5fef47fc8d7a0d79f7c32fb9a91ff006e3fe46bd06bc7c4ff00159eb61bf84828a28ac0dc28a28a0028a28a0028a28a0028a28a0028a28a0028a28a0028a28a0028a28a0028a28a0028a28a0028a28a0028a28a0028a28a0028a28a0064dfea24ff0074ff002aafa67fc826cffeb827fe822ac4dfea24ff0074ff002aafa67fc826cffeb827fe822abec93f68b74514549415c8f8f7449754d362b9b742f3da92420eaca71b80f7e01fc2baea4650c306ae137092922670538b8b3e7ea2bd8352f07e95a8ce6696d544adc9746284fd71d7f1aa1ff080693ff3c64ffbfcdfe35e8ac642da9e73c24efa1e5d457a8ffc201a4ffcf193feff0037f8d1ff00080693ff003c64ff00bfcdfe34feb74c5f54a8797515ea3ff080693ff3c64ffbfcdfe347fc201a4ffcf193feff0037f8d1f5ba61f54a8797515ea3ff00080693ff003c64ff00bfcdfe347fc201a4ff00cf193feff37f8d1f5ba61f54a8797515e957de06d2edec2e6748a4dd1c4ce332b75009f5a997c01a51507c99391ff3d5bfc69fd6a9dae1f559dec797d15ea3ff00080693ff003c64ff00bfcdfe347fc201a4ff00cf193feff37f8d2fadd30faa543cba8af51ff840349ff9e327fdfe6ff1a3fe100d27fe78c9ff007f9bfc68fadd30faa543cba8af51ff00840349ff009e327fdfe6ff001a3fe100d27fe78c9ff7f9bfc68fadd30faa543cba9402cc15412cc70001924d7a87fc201a4ffcf193feff0037f8d68e99e13d334c97cd82d94483f8d89661f427a7e149e3216d06b093bea41e0ad1e4d23483e78c4f3b798e3fbbc0007e007e64d74f48aa146052d79b393949c99e8c22a315141451454941451450014514500145145001451450014514500145145001451450014514500145145001451450014514500145145001451450014514500326ff005127fba7f9557d33fe41367ff5c13ff4115626ff005127fba7f9557d33fe41367ff5c13ff41155f649fb45ba28a2a4a0a28a2800a28a2800a28a2800a28a2800a28a28033f599e14d26f6379515cdbbe14b004fca6ad413c32a011ca8e40190ac0e2a9dc5bc235889e586375b98cc477283f32e587e60bfe4296ca188ea5773c71222a6205daa0671cb1fcc81ff01ad1a5ca6777cc68d1451599a051451400514514005145140051451400514514005145140051451400514514005145140051451400514514005145140051451400514514005145140051451400514514005145140051451400c9bfd449fee9fe555f4cff00904d9ffd704ffd045589bfd449fee9fe555f4cff00904d9ffd704ffd04557d927ed16e8a28a92828a2b175d377f69b05b395d24deee1436049b57214fb1c63f1aa8c799d8993b2b9b5457347579248f50bab591b6b25b888373e5972549c74c83d7dc55cbdb76d36382ea0b9b96904d1a3acb33389033053c138079cf0055fb269d991ed535746cd1451591a851451400514d92448a36924754451966638007a935c3ebdf10a18775be8eab349d0dc38f917fdd1fc5f5e9f5ab85394dda2889d48c15e4ce8fc457f6ba769be7cf3a47246e248558f2eca73b40ebc8e3f1a9341b9b6bad22192dae239f23748c87f8cfccd91d41c93c1af17bbbcb9bfb96b8bb9de699babb9c9fa0f41ec29d61a85de99722e2cae1e194752bd0fb11d08fad777d4df25afa9c5f5b5cf7b687bcd15c5e83f102d6f36c1aa85b59fa0947fab6faff77f1e3debb3043286520823208ef5c33a7283b491db09c66af162d14515058514514005145140051451400514514005145140051451400514514005145140051451400514514005145140051451400514514005145140051451400514514005145140051451400c9bfd449fee9fe555f4cff904d9ff00d704ff00d045589bfd449fee9fe555f4cff904d9ff00d704ff00d04557d927ed16e8a28a9282a096d526b9b79d8b0680b1500f072307353d14d3b035733a2d16ca26bec2314bd20ca84f03af4ee3a934a9a50df135c5ddcdd2c2418d262b80474276a8248f7cfe75a145573cbb93c91ec145154b52d56c748b6f3efae1224fe107ab1f403a9a949b76436d25765dae7f5ef17e9da1ee88b7da2ec7fcb08cf43fed1fe1fe7ed5c5ebde3dbdd47741a7eeb3b63c1607f7aff8ff000fe1cfbd7235db4b06deb338eae2d2d206b6b5e23d475d93fd2a5db00395823e107f89f73fa564d1457a118a8ab2382527277614514531056de87e29d4b426090c9e75ae79b790fcbff013fc27e9c7b562515328464ad2438c9c5de27b3e87e29d375d50b0c9e55ce32d6f270df87a8fa7e38adbaf9f958ab2b292aca72083820fad767a0fc40bab3db6faaab5cc038130ff0058bf5fef7f3fad79f5706d6b03be962d3d267a75155ac750b4d4ed96e2cae12688f753d3d88ea0fb1ab35c4d5b73b53b85145140051451400514514005145140051451400514514005145140051451400514514005145140051451400514514005145140051451400514514005145140051451400c9bfd449fee9fe555f4cff904d9ff00d704ff00d0455a650e8ca7a118acf8b4eb98218e28f539c2228551e5c7d071fddab566ad725def73468aa3f63bcffa0a4dff007ea3ff00e268fb1de7fd0526ff00bf51ff00f134b9577fcc399f62f51547ec779ff4149bfefd47ff00c4d1f63bcffa0a4dff007ea3ff00e268e55dff0030e67d8bd4d92448a36924754451966638007a9354fec779ff004149bfefd47ffc4d723e32d0b5abd8d5e1be92eedd064db10139f5e301bf1fc2ae14d4a56722673718dd21faf7c42860dd6fa3a89e4e86e1c7c8bfee8fe2fe5f5af3dbbbcb9bfb96b8bb9de699bab39fd07a0f6150b2b23b23ab2ba9c32b0c107dc5257ab4a8c29af74f2ead69d47ef055fd3f4d5bbb7baba9a668adad554c8c89bdb2c70005c8fe62a856ae8adaac4f2c9a642d38c059a008240ea7b32752bef8e33d466ae77e5d0ce36bea5392d55e765b1696e9026f27ca2aca075dc06718f5c915088653109444fe596d81f69c16f4cfafb57631456d16b2b1c56e96d7b77a74ab2daa37ca933038500fdd27fbbdb2053b44b76d3ac2c16fd45bc86fe42ab2f0518c5842c3aaf383cfb1acbdb597f5e66becaeff00aec8e46e6c2f2cd916ead27819fee89632bbbe99eb45cd85e59b22dd5a4f033fdd12c65777d33d6b7746b5bdd3b5cb53a9a496c8d23ecfb41da0cbb4e1b07af38f9ba74e69346b6bbd375bb57d56396de332394f3db6664da70c33ef8f9b0474aaf69fd7717b3febb7a98775637964545ddacf6e5fee89632b9fa668b9b1bcb3546bab49e00ff70cb195ddf4cf5ae8656bab1b78ad974ab982437a9346d7f70a7320cf4055720f1939c74f6a75edbc8be56a296b71617b25f2b0b3ba7fddcadd772eec1001ce739fbdd692a8f4b83a6ba1ce5cd8de59aa35d5a4f007fb8658caeefa67ad57ae8f5bb5074f92fa4b7bbd3a79ae72f693b12b29c64ba0201e093d73f7bad7395709732b9338f2b2d586a379a5dc8b8b2b87864ee57a37b11d08fad7a2685f102d2f36c1aa05b49cf02507f74dff00c4fe3c7bd798d3e28a49e558a28da4918e1510649fc2a2ad18545a954ab4e0f43df810c010410790452d71fe09d2755d3216fb6dd308187c9699dc10fae7b77e071cd7615e4ce2a32b2773d6849ca376ac145145414145145001451450014514500145145001451450014514500145145001451450014514500145145001451450014514500145145001451450014514500145145001451450014514500148ca18608a5a2803035bf0b586b099963db30185953861fe23d8d79b6b3e18d43462cee9e75b0ff96c83a7fbc3b7f2f7af68a8e4852418615d14b112869d0e7ab878cf5ea780d15e97aef80edee8b4f61b6da63ced03f76c7e9dbf0fcabcfaff004ebbd32e3c9bc81a27ec4f46fa1ef5e953ad1a9b1e7d4a32a7b9568a28ad4c828a28a0028a28a0028abba76957bab4de5d9c25f070ce7855fa9fe9d6bd0b41f045ad8949ee71737039dcc3e553ec3fa9fd2b1a95e34f735a74653d8e3f45f09dfeac5647536f6c79dee3e661fec8fea7f5af47d1bc3765a445b60880623e691b976fa9fe9d2b62385631c0a92bceab8894fd0f46961e30115428c014b4515ce6e145145001451450014514500145145001451450014514500145145001451450014514500145145001451450014514500145145001451450014514500145145001451450014514500145145001451450014514500154aff4bb5d42dda1b885248dbaab0abb4534dad509a4f73cbb5cf025c5a169b4d2668fa9858fcc3e87bfe3cfd6b8f6564764756575386561820fb8afa019430c11583adf85ac3584ccb1ed980c2ca9c30ff11ec6bb6962dad2671d5c227ac0f1ca2b6b59f0bea1a3333ba19edc7fcb68c74ff7876fe5ef52e8be13bfd58ac8ea6ded8f3bdc7ccc3d87f53fad76fb5872f35f438bd94f9b96c61c51493cab1451b49231c2a20c935d9e87e039262b36a870bd7c843ffa130fe43f3aec346f0dd969116208b0c47cd2372edf53fd3a56daa851802b8aae2dbd2076d2c2a5ac8a967a7c1670ac50c4888a38551802ae74a28ae26dbdcec492d828a28a430a28a2800a28a2800a28a2800a28a2800a28a2800a28a2800a28a2800a28a2800a28a2800a28a2800a28a2800a28a2800a28a2800a28a2800a28a2800a28a2800a28a2800a28a2800a28a2800a28a2800a28a2800a28a2800a28a2800a28a280286b11ab68d7c48e45bc87ff001d3529b2866b2682440639136b0f622aa6ab74d24179610dacf34cd6e794030370603a91e86acdadf09a6fb3b5bcf0c8b1effde01c8e9d89ad2d2e533bae632ac12e2e16e24bc219ac637b5439fbc71f33fd48dbfafad2e8fa796d150a5a5a5a4b2da054b980e64395ea7e518ec7a9ada4b586359951302662f272792460ff002aaf1693670c4625598c453cbf2e49e475dbe803120553aa9a7f2255369af2bfe96fc11534611daccf62f631dadca46acc61398e51d370e9ce7ae467a75ad9aaf6d6305a33bc4ae5df019e4919d881d0658938f6ab15139294ae8b845c55828a28a82c28a28a0028a28a0028a28a0028a28a0028a28a0028a28a0028a28a0028a28a0028a28a0028a28a0028a28a0028a28a0028a28a0028a28a0028a28a0028a28a0028a28a0028a28a0028a28a0028a29934d1dbc2f34cea91a02cccc70001de801f45701a8fc4a5499934db212460e04b3b11bbe8a39c7d4fe159bff0b2758ff9f4b1ff00be5fff008aae8585aad5ec60f13493b5cf51a2bcbbfe164eb1ff003e963ff7cbff00f1547fc2c9d63fe7d2c7fef97ffe2a9fd52af617d6a9773d468af2eff8593ac7fcfa58ff00df2fff00c551ff000b2758ff009f4b1ffbe5ff00f8aa3ea957b07d6a9773d468af2eff008593ac7fcfa58ffdf2ff00fc551ff0b2758ff9f4b1ff00be5fff008aa3ea957b07d6a9773d0eebf71a8da5c7f0be607fc7953f98c7fc0a8b0fdf4f7577da493cb4ff0071323ff42dc7f1af36b9f883aadd5bb42f6d66a090432ab6548390473d41029d6ff10b55b6b68e08ed2cb646a14655f271ebf375abfab54e5db523eb34f9b7d0f55a2bcbbfe164eb1ff3e963ff007cbfff001547fc2c9d63fe7d2c7fef97ff00e2aa3ea957b17f5aa5dcf51a2bcbbfe164eb1ff3e963ff007cbfff001547fc2c9d63fe7d2c7fef97ff00e2a8faa55ec1f5aa5dcf51a2bcbbfe164eb1ff003e963ff7cbff00f1547fc2c9d63fe7d2c7fef97ffe2a8faa55ec1f5aa5dcf51a2bcbbfe164eb1ff3e963ff007cbfff00155ada57c488679d62d4ad05bab1c79d1bee51f518c81efcd29616aa57b0d6269b76b9ddd148aeae8ae8c195864107208a5ae7370a28a2800a28a2800a28a2800a28a2800a28a2800a28a2800a28a2800a28a2800a28a2800a28a2800a28a2800a28a2800a28a2800a28a2800a28a2800a28a2800a28a2800ae13e255fc91dad9582310933349260f50b8c0fa64e7f015ddd79bfc4cff8fed3bfeb9bff0035adf0c93aaae61896d5276385a28aea6e346d034a686d355babff00b6491abb49022f951eee99cf271edd6bd694d44f2e3172396a2b6f4fd3adee740d5ee3cb32cf03c4b030c83f3360f1df3ef59773637764cab776b3c0586544b195cfd3342926dafebb838b4ae41455ab6d36fef63325ad95cce80e0b45133007d320545f66b8314928824f2e221646d87084f404f6a7742b322a2a436f30b75b830c82166dab2153b49f4cf4cd125bcd1471c92432224a331b32901c7a83de9dd0acc8e8a9edaceeaf5ca5adb4d3ba8c95890b103d78a45b4b969258d6de52f0826550872807527d31ef4ae82cc868a9238269639248e191e38803232a92101e993dab6aeb4712687a3cb63692cb7572b2997cb0ce5b6b6071db1ed49c92b5ca8c5bd8c1a2af59598fed68ed2fadaf7a90f0c11fefba64601fc3f0aaf1dbcb7373e4dac32cae49da8aa5988fa0a7742b321a2a6b9b5b8b397cabab79609319db2a1538f5c1a9069b7ed69f6a165726db19f3844db31eb9c628bab5c2cef62ad15b73f862fe2d1edafd6dee5da52dbe216ed98d474627d0fd056250a4a5b038b5b9ea1f0eb5092e7469ad2562df6593099ec84640fcf35d9579f7c32fbba97fbd1ff235e835e3e212555d8f5b0edba6ae145145626c1451450014514500145145001451450014514500145145001451450014514500145145001451450014514500145145001451450014514500145145001451450015e6ff00133fe3fb4eff00ae6ffcd6bd22bcdfe2683f6ed38f631c9fcd6ba30bfc5473e27f84ce17a9c0aeab4dd465bebbb6d0f5bd37ed5f30891d90a5c43d31cf5c01ce0d72bd0e456e1f186be6dbece7529366ddb90aa1b1fef6339f7ce6bd3a91725a23cda72517ab35b4f79742d33c4e2ca7cbdbcb1c692e39fbc573f5c55596f2e350f024af79349712457ca11e562cc015e993cd60457d730da5c5ac72e21b82a655da0eeda7239ebf9522df5cae9ed6224ff4679048c9b472c06339eb53ec9deef7bafc2c5fb55b2db5fc6e74de25bed4b4ebcb2b5b0b8b8b7b216f1fd9c40c5449903278fbc73fe79ad5b83f69d6a5d36e1552eb52d2d3ce5c63170012323d78ae52c7c53ad69d6c2dad6fdd615fbaac8af8f61b81c0f6aa097f7697eb7c277374ae1c4ac771c8efcf5a8f62dab7aea57b64b5f4d3d0ec5ed44fe1f3e1d8e3cde416b1dda8efbcb12c3ebb58560f8ae48c6aeb6509cc363125b2fd547cc7f326aa26bba947ab36a897245e3fde9362f3c63a631fa55196479a5796462ceec5998f727ad5c29c94aeff00a64cea45c6cbd3e46fe85aa4767a5dc5a4f25e59c77128297d6a395603a374ca80738073f9d6a59d9de43aeebf6d7137daae5b4e7c3a8e64c85c71eb8c715cde99afea9a3c6f1d85db448e7732ed5619f5e41c5431ead7f16a5fda297520bb2db8cb9c93f5f6f6e94a54db6daea11a89257e8cd8d0e290785f5f94c6c2368a350f8e090dc8cfaf22ad5e5f6a565e0ad14d94d3c313197cd922caf3bced058723bf19e6b1aefc4bac5faca9737af224a9e5b29550b8ce7a018073dc73459f89758d3e28a2b5bd68e3894aa20552304e4e411cf3ebd2874e4ddddb7bfe161aa914acafb7f91d65abcb3eade14b8bccfdba48e4f31987ccc833b09fc33543c3af6b6de1ed52ea46bd8dc4eab249638f3553a8e4f419ea6a9e8bab40facb6b5ad6a721b98398e2f28b19783c02385033d3a7358d61ab5f69774d716370d03b6738c1047b83c1a8f66dde3ff0dbb762bda25697fc3ed6b9d25f6a3a6eab6ba65aaff69cc8b7a01b9bf0a7e538dcbbc1fa1c543af6a9ae43e26bcb6827b95552cb1dba64a797b7fb9d08dbce71ef589a9eb7a96b050dfdd34c13ee8c0503f0000cfbd593e2bd70d91b33a8486129b082abbb1fef633fad52a4d745d7fad85ed53eafa7f5b9a57da96a03c15a54897b720bcb2c723095be61d8139e98ed5ca569596bdaa69f65259daddb476f267726d53d460e3238fc2b36b4845c5b329cb9923d07e197ddd4bfde8ff91af41af3ff008640f97a91c705d3f91af40af2f13fc567a786fe120a28a2b0370a28a2800a28a2800a28a2800a28a2800a28a2800a28a2800a28a2800a28a2800a28a2800a28a2800a28a2800a28a2800a28a2800a28a2800a28a2800a28a2800ae5bc6fa149ac698925baeeb9b625907f781eabfa0fcaba9a42011835509b849491338a947959f3fb295665605594e0a91820fa1a4af69d43c35a6ea5217b8b48a473c172b86fcc7359ff00f082689ff3e43fefe3ff008d7a2b190b6a8f3de0e77d19e4d457acff00c209a27fcf90ff00bf8ffe347fc209a27fcf90ff00bf8ffe34feb94c5f5499e4d457acff00c209a27fcf90ff00bf8ffe347fc209a27fcf90ff00bf8ffe347d72987d526793515eb3ff00082689ff003e43fefe3ff8d1ff00082689ff003e43fefe3ff8d1f5ca61f5499e4d457acffc209a27fcf90ffbf8ff00e355b4ef05e8f73a65acf25a0324912b31f3186491cf7a7f5b85ae2faa4ef63cbe8af59ff841344ff9f21ff7f1ff00c68ff841344ff9f21ff7f1ff00c697d7298fea933c9a8af59ff841344ff9f21ff7f1ff00c68ff841344ff9f21ff7f1ff00c68fae530faa4cf26a2bd67fe104d13fe7c87fdfc7ff001a3fe104d13fe7c87fdfc7ff001a3eb94c3ea933c9a9d1c6f34ab1448cf239c2aa8c927dabd5ff00e104d13fe7c87fdfc7ff001ad2d3fc3ba7e9adbadad628988c1655f98fe3d693c642da21ac1cafab2a783f456d1b4811cb8f3e56f325c1e84f6fc001fad745480051814b5e74e4e52e667a118a8ab20a28a2a4a0a28a2800a28a2800a28a2800a28a2800a28a2800a28a2800a28a2800a28a2800a28a2800a28a2800a28a2800a28a2800a28a2800a28a2800a28a2800a28a2800a28a2800a28a2800a28a2800a28a2800a28a28020b8bdb4b3dbf69ba860ddf77cd902e7e99acfd1350b37d3ed2d92e6269b66d081864e3ff00ac2acea3fb96b7bc1ff2c5f0ff00ee3707f23b4ffc0686fdfeb48bfc36d1173fef39c0fc82b7fdf55aa4b94cdb7cc5ea28a2b2340a28a2800a28a2800a28a2800a28a2800a28a2800a28a2800a28a2800a28a2800a28a2800a28a2800a28a2800a28a2800a28a28020bdbb8ac2d24b99b779718cb6d1938ac3ff0084df46ff009e937fdfb3573c4fff0022ede7fd7335e4b5db85c3c2ac5b91c789c44a934a27a77fc26fa37fcf49bfefd9a3fe137d1bfe7a4dff007ecd798d15d3f50a7ddff5f239bebd53b23d3bfe137d1bfe7a4dff007ecd1ff09be8dff3d26ffbf66bcc68a3ea14fbbfebe41f5ea9d91e9dff0009be8dff003d26ff00bf668ff84df46ff9e937fdfb35e63451f50a7ddff5f20faf54ec8f4eff0084df46ff009e937fdfb347fc26fa37fcf49bfefd9af31a28fa853eeffaf907d7aa7647a77fc26fa37fcf49bfefd9a3fe137d1bfe7a4dff007ecd798d147d429f77fd7c83ebd53b23d3bfe137d1bfe7a4dff7ecd1ff0009be8dff003d26ff00bf66bcc68a3ea14fbbfebe41f5ea9d91e9dff09be8dff3d26ffbf668ff0084df46ff009e937fdfb35e63451f50a7ddff005f20faf54ec8f4eff84df46ff9e937fdfb347fc26fa37fcf49bfefd9af31a28fa853eeff00af907d7aa7647a77fc26fa37fcf49bfefd9a3fe137d1bfe7a4dff7ecd798d147d429f77fd7c83ebd53b23d3bfe137d1bfe7a4dff007ecd1ff09be8dff3d26ffbf66bcc68a3ea14fbbfebe41f5ea9d91e9dff0009be8dff003d26ff00bf668ff84df46ff9e937fdfb35e63451f50a7ddff5f20faf54ec8f4eff0084df46ff009e937fdfb347fc26fa37fcf49bfefd9af31a28fa853eeffaf907d7aa7647a5cbe32d0e78648a4698a3a9561e59e41aa7a5f8b74db681cddcd23dc48f96658cf2000a3f419fa935c05154b054ed6bb17d7277bd91e9dff09be8dff3d26ffbf668ff0084df46ff009e937fdfb35e63454fd429f77fd7c87f5ea9d91e9dff0009be8dff003d26ff00bf668ff84df46ff9e937fdfb35e63451f50a7ddff5f20faf54ec8f4eff0084df46ff009e937fdfb347fc26fa37fcf49bfefd9af31a28fa853eeffaf907d7aa7647a77fc26fa37fcf49bfefd9a3fe137d1bfe7a4dff007ecd798d147d429f77fd7c83ebd53b23d3bfe137d1bfe7a4dff7ecd1ff0009be8dff003d26ff00bf66bcc68a3ea14fbbfebe41f5ea9d91e9dff09be8dff3d26ffbf668ff0084df46ff009e937fdfb35e63451f50a7ddff005f20faf54ec8f4eff84df46ff9e937fdfb347fc26fa37fcf49bfefd9af31a28fa853eeff00af907d7aa7647a77fc26fa37fcf49bfefd9a3fe137d1bfe7a4dff7ecd798d147d429f77fd7c83ebd53b23d3bfe137d1bfe7a4dff007ecd1ff09be8dff3d26ffbf66bcc68a3ea14fbbfebe41f5ea9d91e9dff0009be8dff003d26ff00bf668ff84df46ff9e937fdfb35e63451f50a7ddff5f20faf54ec8f4eff0084df46ff009e937fdfb347fc26fa37fcf49bfefd9af31a28fa853eeffaf907d7aa7647a77fc26fa37fcf49bfefd9a3fe137d1bfe7a4dff007ecd798d147d429f77fd7c83ebd53b23d3bfe137d1bfe7a4dff7ecd5ed33c4361abccd15a34859464ee5c5791d759e03ff009095c7fb83fad655b070a74dc9366b471739cd45a47a2d14515e71e811cf0acf118dc0653d411547fb1edffe7927fdf35a54534da134999bfd8f6fff003c93fef9a3fb1edffe7927fdf35a5453e662e5466ff63dbffcf24ffbe68fec7b7ff9e49ff7cd695147330e5466ff0063dbff00cf24ff00be68fec7b7ff009e49ff007cd695147330e5466ff63dbffcf24ffbe68fec7b7ff9e49ff7cd695147330e5466ff0063dbff00cf24ff00be68fec7b7ff009e49ff007cd695147330e5466ff63dbffcf24ffbe6abdfe996f0e9d75288d01485db38f406b6aa8eb3ff00205bd5fef42cbf98c7f5a70937242925cac821d1e010460c4848519e3da9ff00d8f6ff00f3c93fef9ad2a297331f2a337fb1edff00e7927fdf347f63dbff00cf24ff00be6b4a8a399872a337fb1edffe7927fdf347f63dbffcf24ffbe6b4a8a399872a337fb1edff00e7927fdf347f63dbff00cf24ff00be6b4a8a399872a337fb1edffe7927fdf347f63dbffcf24ffbe6b4a8a399872a337fb1edff00e7927fdf347f63dbff00cf24ff00be6b4a8a399872a337fb1edffe7927fdf35534dd2e096d19da34399a5c6476f31b1fa56ed51d23fe41919fef33b7e6e4d5293e57fd77138ae6447fd8f6ff00f3c93fef9a3fb1edff00e7927fdf35a5454f331f2a337fb1edff00e7927fdf347f63dbff00cf24ff00be6b4a8a399872a337fb1edffe7927fdf347f63dbffcf24ffbe6b4a8a399872a337fb1edff00e7927fdf347f63dbff00cf24ff00be6b4a8a399872a337fb1edffe7927fdf347f63dbffcf24ffbe6b4a8a399872a337fb1edff00e7927fdf347f63dbff00cf24ff00be6b4a8a399872a30adf4b81b51bc531a6d4d800c74e09ab7fd8f6ff00f3c93fef9a92cf9d43523e92a2ff00e4353fd6af554a4eff0070a3156337fb1edffe7927fdf347f63dbffcf24ffbe6b4a8a9e663e5466ff63dbffcf24ffbe68fec7b7ff9e49ff7cd695147330e5466ff0063dbff00cf24ff00be68fec7b7ff009e49ff007cd695147330e5466ff63dbffcf24ffbe68fec7b7ff9e49ff7cd695147330e5466ff0063dbff00cf24ff00be68fec7b7ff009e49ff007cd695147330e5466ff63dbffcf24ffbe6a6b7d3e1b7937a22a9f502ae514b998f95051451486145145001451450014514500145145001451450014514500154757ff906baff0079e35fcdd47f5abd54755e6da15fef5cc3fa48a7fa5543e244cfe165ea28a2a4a0a28a2800a28a2800a28a2800a28a2800a28a2800aa3a37fc81ed4ff7a30df9f35749c024f6aa7a30c687619ebf678f3ff7c8aa5f0bfebb92fe245da28a2a4a0a28a2800a28a2800a28a2800a28a2800a28a28028d87375a937adc8fd238c7f4abd5474de5af5bd6e5bf4007f4abd553dc986c14514549414514500145145001451450014514500145145001451450014514500145145001451450014514500145359d5065d828f52714cfb4c1ff3de3ffbec5004b4545f6983fe7bc7ff007d8a3ed307fcf78ffefb14582e4b58d1d8b5e4d72b35edd0782e49015c600e1970083d01c7e15a9f6983fe7bc7ff007d8ac7d46e962bf31c33286be884419587c8ca793f5dac4ffc06b4a77bd919d4b5aecbfa534d25a34924ef32bc8c62670a0ece83a0039c67f1abd50472dac51ac692c4a8802a80c38029df6983fe7bc7ff007d8a996aee54745625a2a2fb4c1ff3de3ffbec51f6983fe7bc7ff7d8a9b15725a29892c721c2488c7d03034fa0028a29090a0924003924d002d1517da60ff9ef1ffdf628fb4c1ff3de3ffbec5160b92d1517da60ff009ef1ff00df628fb4c1ff003de3ff00bec5160b946f62797538623733c514b130023603e6041f4ee09ffbe69b656ef6da80b68aea792de08006593690093f281803a053f98a76a973025b25c89a326da4597861f77a37fe3a5a9da64d11b637124b1892e58ccc0b0c807ee8fc1428fc2b6bbe432b2e73468a8bed307fcf78ff00efb147da60ff009ef1ff00df62b1b1adc968a8bed307fcf78ffefb14a2785880b2c649e8030a2c1724a28a2800a28a2800a28a2800aa77f713db88040b1932ca23264ce1720e3a7b803f1ab95575185e7d3e648ffd681be3ff007d4e57f502aa36bea4caf6d0a301bfb09a38a44b6905cdc31f9198119cb1e31d80ad8acdb399751be3769cc3144a91ff00bce0337e9b3f5ad2a7537d771436d360a28a2a0b0a28a2800a28a2800a28a2800a28a2800a28a2800a28a2800a28a2800a28a2800a28a2800ae67c63e256d0acd21b5da6f6e01d848c88d4756c7f2ffeb574d5e4ff00109cbf8a483d12dd147e64ff005adf0d053a89330c44dc29dd1ccdcdc4d79399eea579e53d5e46dc7f5a8b68f41f952d15ebd923c9bb626d1e83f2a368f41f952d6868b0db5cea91db5dafeee706356c91b1c8c29e3df143d15c6b57633b68f41f951b57d07e55b569a7c51d9799750079a5bc4b78919cafdd397e9f551f89a649a396b8b9779adacadd2e5a04f35dd81607ee82149200c7240ed53cf1b95c92b7f5e7fe4646d1e83f2a368f41f956a1d0eec3c68de5ab3dc35b302dfead8633bb8e9839c8cf4350dc6993db413cb2b2010dc1b723272cc324e38e831fa8a7cd1172c8a3b47a0fca8da3d07e54b4551371000082060839047515de7833c5d702f22d2f5199a58e53b6199ce595bb293dc1e83be7f4e12a4b791a2ba8244386491581f704567569c671699a52a9284ae8f6ad7f5a8b42d2a4bc9177be76451e7efb9e83f99fa035e3ba9ea97bac5c99efa7694e72aa4fca9ec07415dafc4c91bc8d2e3cfcacd2311ee02e3f99af3eae7c2538a8737537c5d4939f2f41368f41f951b47a0fca968aec392e26d1e83f2a368f41f952d6ae8d0599335dea31992d212a850315dccc71d47a00c7f0a4da4ae3576ec64ed5f41f951b47a0fcab55b44952e6f5259e1822b470af2cbbb0727e5c6d049c8e7a74ab7a9e93e6eb2f042d6f0450da4524b27fcb351e5ae5be5073927b03926a79e257248e7f68f41f951b47a0fcab635bb58ad6df4b58cc2dbad7734910e243bdf9e80e718ebcf18ac8a7169ab9324d3b09b47a0fca8daa7aa8fca968aa15ce8fc37e2dbbd16e5229e579ac09c3c6c49283d57d31e9d0d7aef989e579bbd7cbc6edd9e31eb9af9febd3350bb962f857132b1def6b0c44fb36d53fa135c18aa2b9935d4eec3557cad3e864ebdf102f26b8687476105ba9c098a82f27b807803f0cfd2b9f3e28d78927fb5ae79f4207f4ac9a2baa3429c55ac734ab5493bdcd6ff849f5dffa0b5d7fdf43fc28ff00849f5dff00a0b5d7fdf43fc2b268aaf670ec89f693ee6b7fc24faeff00d05aebfefa1fe147fc24faeffd05aebfefa1fe1593451ece1d907b49f73460d7f57b58bca8352b88d324ed523193f854bff093ebbff416baff00be87f8564d147b383e82f6935d4d6ff849f5dffa0b5d7fdf43fc28ff00849f5dff00a0b5d7fdf43fc2b268a3d9c3b21fb49f735878a35d073fdad73ff7d0ff000adad1be206a36b70a9a9b0bbb627e66da03a7b8c601fa1fceb8fa2a65469c959a1c6b548bba67bf413c5730473c2e1e29143230e841e86a4ae4be1ddc3cde1af2d8e4433ba2fd386fe6c6badaf2271e59389ebc25cd1520a28a2a0a0a28a2800a28a2800a28a2800a28a2800a28a2800a28a2800af24f1fff00c8d527fd714feb5eb75e49e3ff00f91aa4ff00ae29fd6bab07fc439717fc3398a28ad1934a10da433cd7f6b1b4d179b1c4448588c91d908ce41ef5ea3696e79a937b19d4aac518329c30390476a4a2988d7d435cfb7ea36b742d844b01de630f9dce5b733671c64d4f0f896445b9422ee28e6b96b85fb2dd18594b7504ed21874eddab06a6b5b7fb55ca43e7450eecfcf336d51c679350e9c2d6b16a72bdefa9a10eb4625be578e49bed249479a6dcf1b1565dc4e3e63b588eddaa2d4f553a8c36d1f9223f297e721b3e63e002df885159d453e48dee2e795ac145152db5b4d797296f6e9be573855c819fceab6248a9d1ff00ad8ffdf5fe74da747feb63ff007d7f9d27b02dcef7e25fdcd27fedaffecb5c0577ff0012fee693ff006d7ff65ae02b0c2ff091be27f8ac28ad08b4a0f6115e4d7d6b6f1cacca82412124ae33f750fa8acfefeb5ba6998b4d0568c3acdcda69d1dad94935b3798d24b2c52953264000718e060fe759d450d27b826d6c6e49afc77713c77b6924c2548fcd659f6bb489901f254f55382307d734c7d7525beb8964b3ff0047b8b65b7785252080a17055883839507907fad64c51f9b3471ef44dec17739c2ae7b93e944d1f933c916f47d8c577a1cab60f507b8a9e48dcae7917352d423be5b548adfc88eda2f2954bee246e2724e073cfff00aba550a28aa4925644b6dee1453a38da595234197760aa3d49a59a278279219576c91b14619ce083834c432bd1755ff92556dff5c6dff9ad79d57a2eabff0024aadbfeb8dbff0035ae6c47c50f53a30fb4fd0f3aad2d174f8f51b9991d6590c70b48b0c2407948c7caa483f5e87a74acdab367f65f31bed525c47c652485431539f42467f315d12db4308ee3a7b5c9b896de2956084a871311b909ec7a679079c0fa0ab9a7e8f24b71756d3c19985a79d10de0609da41ce718c1cf3d3bd59b9d6ad2fdeea2b9372b1cb14482708af23347fc4c3701c827bf1c75a46d5ec25d4ee2578ee56da6b34b6006d2ea42a8cfa1fba7d33eddb2bced6b1ada1cd7b940687a835c185605661179db96542a5338dc1b38233efc73e94e9740d4a18de478176aa799f2cc8db9300ee500fcc39ea322ae1d62ce3b46b385676896c9edd1dd40667670e4919381dba9a626b16eb716f214971169ed6adc0fbe55867af4f9851cd53b09469f5feb6ff82551a6b4f6b626da199a6b832062cca10ed3d473c003a96c0a6ae8d78cce17ecc55002d27daa2d833d06fddb73c1e339ab106a7125be9b189ae2de4b56959a58e30ff7b18c02c3238c1cfaf7ab6356d3c4b98e5962528ab2e34f89927209393117daa4700633dcf19a6dcd7f5e624a2ccf7d2dda1b2582195ee677910e1d1918a903e520f41dc9e3f0a69d1350f3e08560591a7cf9462955d5f1d406524647a6735a5fdbb6292db08ad658edd0dc23c6a465525e3e527a903d6a2b7d5acac56dade0fb44b0c6f24af23a2ab1664d80050c46071de9734edb7f5a95cb0bee665e69d75622369d142c99d8c922ba9c7519524647a555abd2de47268b6b6615bcc8a6924624704305031ff7c9aa35ac6f6d4ca56e87a7fc36ff009005c7fd7d37fe82b5d9d719f0dbfe40171ff5f4dffa0ad7675e3d7fe233d7a1fc34145145626a14514500145145001451450014514500145145001451450015e4bf10011e2a7c8eb0211fad7ad570de3ed026bd58b52b542f2c2bb2445192c9d411f424fe75d185928d4d4e7c4c5ca9e879b57477af34fa358adbc9a7b44969b65def079aa4331206ef9c718e057399cf4a2bd59479ac7991972dcea2e6e606d04dbadd407535b74f3a50c3f791672220d9c161f2e7d40c76ab7abced1beaa977790c968d1aac16cb202564dca7213aa91f365b1ce7a9cd71952dc5c4b7770f3cedbe473966c019fcaa3d96b72fdae963aad66fa092d2ed601e759c8abe429d4222b174c1487686523a63dce73d69926a825f1bab497aa6ca2998c67cc1e5a82bd476e7d7bd72745254525607599d7a6b0636f292f6310ae92bb5372edf3828238e9bc1031dc62a086fed65d5746babd9d2593ecc44b23382449970858f3823e5e4838e0d72f453f64bfaf9ff0098bdabfebe5fe475ff006f55d42c1ae08df1f9a45c4fa84574d82870a4a8e99e80fa9a6e99ac3349a3dc5d6a1fe902e268e591e5f984642ed0c7fbb9cf5e2b92a297b156febcc7ed9dc9ef4dc1bc90dd4de74d9f9a4f3449bb8fef0241fcea388133c600c92eb8fce995d17847429754d521b96422d2070e58f4761d00f5e7ad5ce4a10bb2631739d91bbf12c1f2f4a38e3320fd16b80af60f17e88face8be5c38fb442de645938c9c608fc41fcf15e43223c52b45223248870cac3041f715861249d3b7636c5c5a9dce8607964f0dda416b269e5d6597cc5b96837283b718f3391dfa54b63730a684b6f25d40351314bf6590b0fdca1ea85b3805be6c67a67fdaae5e8ad9d3be864aa5accecbce7861b633de4234efece025b632005d8c785ca75639db86c1c63a8c534df5b8d2e25b71e6dafd8c24901d4228937ed3b898986e2dbb9c83c9c60d7293dc4b7050cadb8c68235e00c28e82a2a9f637dcaf6b6b5bfadbfc8e86f35167bcd2605bb1f658e2b72e8aff002060064b638c8f7e456b7f6bc69aa584697b10b5796e7cf5debb194c8f8dfd8820f19e39f7ae228a72a49afbff00112aad7e1f81d0ff006843756fa3cfa94c2e1a3bb7136f3b9845942011d76fdec0fae2b42f2f94dcdb899c4b18bd8dd2793528a6f2c6ee76aa805548ec781815c7514fd9217b476b1d48d65e48e4967becbc1a8c6d090fca47f306d80745c01d38e9593e20926975ab9796e56e159d8c4eb38946cdc700104e3e9dab328a234d45dd7f5b04aa392b3feb7ff30af47d4d19be1541b413b60b76fc32bfd2b87d2349b8d66f96da053b723cc931c22fafd7d057b28d3a06d27ec0d183018bcad9fece318fcab9b15512947c8e8c2d36d4bccf0ba2b6f5bf0c5fe8f72c161927b6cfc92a2eec0ff680e87f4ac4fc0fe55d719c64ae99cb284a2ecd05147e07f2a3f03f9555d13661451f81fca8fc0fe545d05985147e07f2a3f03f951741661451f81fca8fc0fe545d05985147e07f2ad4d2bc3fa86af32ac50bc7093f34d2290a07b7a9fa54b928abb63516dd923bdf8708cbe1e9588c07b8665f71803f9835d8d51d274f8b4cd3a1b4846238d7033d4fa93ee4f357abc5ab2e69b67b34e3cb04828a28a82c28a28a0028a28a0028a28a0028a28a0028a28a0028a28a002919430c114b450060df784f49be95a49aca22ec72580da4fd48c554ff00841344ff009f21ff007f1ffc6ba9a2b45566b6666e941f4396ff00841344ff009f21ff007f1ffc68ff00841344ff009f21ff007f1ffc6ba9a29fb6a9dc3d943b1cb7fc209a27fcf90ffbf8ff00e355ae3c17a3c777671ada00b2bb2b7ef1b90149f5f515d9551bdff8fed37febbb7fe8a7a71ad3bee4ca942db189ff00082689ff003e43fefe3ff8d1ff00082689ff003e43fefe3ff8d753452f6d53b95eca1d8e5bfe104d13fe7c87fdfc7ff1a3fe104d13fe7c87fdfc7ff1aea68a3db54ee1eca1d8e6a2f04e8b13ee16319ff7c961f9126b7aded63b68d52350aaa30001802a7a2a65394b76546118ec84232306b2751f0ee9da936eb9b48a46c63732fcd8faf5ad7a2a549c5dd0dc53dce5bfe104d13fe7c87fdfc7ff001a3fe104d13fe7c87fdfc7ff001aea68ad3db54ee47b2876396ff841344ff9f21ff7f1ff00c68ff841344ff9f21ff7f1ff00c6ba9a28f6d53b87b287638dbff05e8f6d66d2c768030651feb18f05803dfd2acffc209a27fcf90ffbf8ff00e35b7ac7fc82e63e854ffe3c2af5375a7cab527d9439b6396ff841344ff9f21ff7f1ff00c68ff841344ff9f21ff7f1ff00c6ba9a297b6a9dcaf650ec72dff082689ff3e43fefe3ff008d2af81b4456c8b253f57623f535d45147b69f70f650ec52b2d32dac6211c10c7120e8a8a00fd2aed14566db7b96925b0c78924fbc2a1fb1c7e95668a13682c8adf638fd28fb1c7e95668a7ccc39515bec71fa52359214200e7156a8a399872a32b49b58df47b16fef5bc67ff1d1573ec71fa545a2ff00c80b4f1e96f18ffc7455ea7393e664c22b9515bec71fa51f638fd2acd14b9995ca8adf638fd2a44b744e82a5a297330b20a28a290c28a28a0028a28a0028a28a0028a28a0028a28a0028a28a0028a28a0028a28a0028a28a0028a28a002a8dff00fc7e6987d2e4ff00e8a92af551d43fe3e34e3e973ffb4deaa1b932d8bd45145494145145001451450014514500145145001451450051d63fe41173ecb9fd6af551d67fe40b787d2263fa55eaa7f0afebb12be26145145494145145001451450014514500145145001451450051d1bfe40b663d2151fa55eaa3a37fc822d7d93157aaa7f13261f0a0a28a2a4a0a28a2800a28a2800a28a2800a28a2800a28a2800a28a2800a28a2800a28a2800a28a2800a28a2800a28a2800a28a2800ac663a86a12a944b58c5adcb70ccc49c020678ee083f8d6cd655e5c7f665dcf3e32b3c25957d644e83ea411ff007cd694f7d37227b6bb16b4fb89ae6191a658c1595a3063ce1b69c13cfb823f0ab750595bfd96ca1809c944019bd4f73f89a9ea256be8546f6d428a28a430a28a2800a28a2800a28a2800a28a2803275037978f77a6c29022b4231248c7243647000ec47afa558b4b8ba7bd9adee161c468adba3cf524f1cfb0cfe228befdc5cdaddf40afe5487fd97c0ffd082feb4697fbcb792e8f5b990ca3fdde8bff008e81f9d6afe0feb7325f1ff5b17a8a28ac8d428a28a0028a28a0028a28a0028a28a002a95edcdcc3716f0c11c47ce2c3748c40040c81c03db71fc2aed54d4e367b2678c6658489500ee579c7e2323f1aa8dafa932bdb429d97dbac65b4b1945bbabef24a6ec851ce79f72a3f1ad7aceb3916f2fe7bb43ba24458a33eb91b98fe3951ff0001ad1a753714360a28a2a0b0a28a2800a28a2800a28a2800a28a2800a28a2800a28a280399f18ea977a5dadb3da4bb19dc86e3af15c87fc25dacff00cfd7fe3b5d878bf4bb9d52dade3b60b9472cc58e3b5723ff000886a9e90ffdf7ff00d6af470dec7d9fbf6b9c188f6dcfee5ec37fe12ed67fe7ebff001da3fe12ed67fe7ebff1da77fc221aa7a43ff7dfff005a8ff844354f487fefbffeb56ffecde461fed3e637fe12ed67fe7ebff1da3fe12ed67fe7ebff001da77fc221aa7a43ff007dff00f5a8ff00844354f487fefbff00eb51fecde41fed3e637fe12ed67fe7ebff001da3fe12ed67fe7ebff1da77fc221aa7a43ff7dfff005a8ff844354f487fefbffeb51fecde41fed3e637fe12ed67fe7ebff1da3fe12ed67fe7ebff001da77fc221aa7a43ff007dff00f5a8ff00844354f487fefbff00eb51fecde41fed3e637fe12ed67fe7ebff001da3fe12ed67fe7ebff1da77fc221aa7a43ff7dfff005a8ff844354f487fefbffeb51fecde41fed3e637fe12ed67fe7ebff1da8a7f12ea77223134c1fcb7122657a30e86a7ff00844354f487fefbff00eb51ff000886a9e90ffdf7ff00d6a69e196d6135887bdc6ffc25dacffcfd7fe3b47fc25dacff00cfd7fe3b4eff00844354f487fefbff00eb51ff000886a9e90ffdf7ff00d6a5fecde43ff69f31bff0976b3ff3f5ff008ed1ff000976b3ff003f5ff8ed3bfe110d53d21ffbefff00ad47fc221aa7a43ff7dfff005a8ff66f20ff0069f31bff000976b3ff003f5ff8ed1ff0976b3ff3f5ff008ed3bfe110d53d21ff00beff00fad47fc221aa7a43ff007dff00f5a8ff0066f20ff69f31bff0976b3ff3f5ff008ed1ff000976b3ff003f5ff8ed3bfe110d53d21ffbefff00ad47fc221aa7a43ff7dfff005a8ff66f20ff0069f31bff000976b3ff003f5ff8ed1ff0976b3ff3f5ff008ed3bfe110d53d21ff00beff00fad47fc221aa7a43ff007dff00f5a8ff0066f20ff69f31bff0976b3ff3f5ff008ed1ff000976b3ff003f5ff8ed3bfe110d53d21ffbefff00ad47fc221aa7a43ff7dfff005a8ff66f20ff0069f3229fc51aadc40f0cb701a375dac0af514e4f15eaf1c6b1a5c055500280bd00a597c29a9430bcae21da8a58e1fb0fc2957c25a9b286021c1191f3ff00f5a9ff00b35ba0bfda2fd44ff84bb59ff9faff00c768ff0084bb59ff009faffc769dff000886a9e90ffdf7ff00d6a3fe110d53d21ffbefff00ad4bfd9bc87fed3e637fe12ed67fe7ebff001da3fe12ed67fe7ebff1da77fc221aa7a43ff7dfff005a8ff844354f487fefbffeb51fecde41fed3e637fe12ed67fe7ebff1da3fe12ed67fe7ebff001da77fc221aa7a43ff007dff00f5a8ff00844354f487fefbff00eb51fecde41fed3e637fe12ed67fe7ebff001da3fe12ed67fe7ebff1da77fc221aa7a43ff7dfff005a8ff844354f487fefbffeb51fecde41fed3e637fe12ed67fe7ebff1da3fe12ed67fe7ebff001da77fc221aa7a43ff007dff00f5a8ff00844354f487fefbff00eb51fecde41fed3e637fe12ed67fe7ebff001da3fe12ed67fe7ebff1da77fc221aa7a43ff7dfff005a8ff844354f487fefbffeb51fecde41fed3e6416de25d4ece010dbcc238c124285f539a97fe12ed67fe7ebff1da77fc221aa7a43ff7dfff005a8ff844354f487fefbffeb536f0cdddd84962168ae37fe12ed67fe7ebff001da3fe12ed67fe7ebff1da77fc221aa7a43ff7dfff005a8ff844354f487fefbffeb52ff66f21ff00b4f98dff0084bb59ff009faffc768ff84bb59ff9faff00c769dff0886a9e90ff00df7ffd6a3fe110d53d21ff00beff00fad47fb37907fb4f98dff84bb59ff9faff00c768ff0084bb59ff009faffc769dff000886a9e90ffdf7ff00d6a3fe110d53d21ffbefff00ad47fb37907fb4f98dff0084bb59ff009faffc768ff84bb59ff9faff00c769dff0886a9e90ff00df7ffd6a3fe110d53d21ff00beff00fad47fb37907fb4f98dff84bb59ff9faff00c768ff0084bb59ff009faffc769dff000886a9e90ffdf7ff00d6a3fe110d53d21ffbefff00ad47fb37907fb4f98dff0084bb59ff009faffc76bb6f09ea373a9698d2dd49be4de46715c5ff00c221aa7a43ff007dff00f5abb3f0a69f3e9ba7b43701436e27e53915cf89f63c9ee5ae6f86f6dcfefec7414514579e77885437514df2d7d053e8a006796be828f2d7d053e8a2e1619e5afa0a3cb5f414fa28b8586796be828f2d7d053e8a2e1619e5afa0a3cb5f414fa28b8586796be828f2d7d053e8a2e1619e5afa0a3cb5f414fa28b8586796be828f2d7d053e8a2e1619e5afa0a3cb5f414fa28b8586796be828f2d7d053e8a2e1619e5afa0a3cb5f414fa28b8586796be828f2d7d053e8a2e1619e5afa0a3cb5f414fa28b858ab7d12b69f7231d6261fa1a5b4556b281b0398d4fe9534cbba0917d548fd2abe96dbb49b36f5810ff00e3a2afec93f68b1e5afa0a3cb5f414fa2a2e5586796be828f2d7d053e8a2e1619e5afa0a3cb5f414fa28b8586796be828f2d7d053e8a2e1619e5afa0a3cb5f414fa28b8586796be828f2d7d053e8a2e1619e5afa0a3cb5f414fa28b8586796be828f2d7d053e8a2e1619e5afa0a3cb5f414fa28b8586796be828f2d7d053e8a2e1619e5afa0a3cb5f414fa28b8586796be828f2d7d053e8a2e1619e5afa0a7050bd052d14005145140051451400514514005145140051451400514514005145140051451400514514005145140051451400514514005145140051451400551d1bfe407603d2dd07e4a055eacfd19d3fb2edd37aee55db8cf3c1354be17fd7725fc4bfaec68514515250514514005145140051451400514514005145140051451400514514005145140051451400514514005145140051451400514514005145140051451400514514005145140051451400514514005145140051451400514514005154751d634ed2503dfddc706efbaac72c7e80726b2bfe13cf0dffd041bff0001a5ff00e26ad4252d5225ce2b46ce8e8ae73fe13cf0dffd041bff0001a5ff00e268ff0084f3c37ff4106ffc0697ff0089a7ecaa7f2b17b5877474745739ff0009e786ff00e820dff80d2fff001347fc279e1bff00a0837fe034bffc4d1ecaa7f2b0f6b0ee8e8e8ae73fe13cf0dffd041bff0001a5ff00e268ff0084f3c37ff4106ffc0697ff0089a3d954fe561ed61dd1a1abdadbc8f6b7171045347149b1d6440c02bf19e7d0ed39f4069a2cad135ab74b7b5862f2236958c7185c13f2af4f6dff009566cfe35f0c5c5bc90497ee52452adfe8d2f43ff01aa7a5f8d3458d6696f6f88b872abc4121caaa800f0bdcee3f8d68a153976664e74f9b7476745739ff0009e786ff00e820dff80d2fff001347fc279e1bff00a0837fe034bffc4d67ecaa7f2b35f6b0ee8e8e8ae73fe13cf0dffd041bff0001a5ff00e268ff0084f3c37ff4106ffc0697ff0089a3d954fe561ed61dd1d1d15ce7fc279e1bff00a0837fe034bffc4d1ff09e786ffe820dff0080d2ff00f1347b2a9fcac3dac3ba3a3a2b9cff0084f3c37ff4106ffc0697ff0089ab169e2fd02f661143a8a073c012a3479fc580a4e9cd6e982a907d51b7451454161451450014514500145145001451450014514500145145001451450014514500145145001451450014514500145145001451450014514500145145001451450014514500159fadea6ba3e8d737ecbb8c4bf2aff7989c01f9915a15cb7c412478564f79533f9d5d38a94d264546e306d1e5b7777717f7525d5d4ad2cd21cb337f9e07b5414515ee2492b23c56dbd585145140051451400514514005145140051451400514514005145140051451401e8df0fb5f9ae3ccd22e5cb9893cc81d8f214100afe1918fc7d2bbcaf21f02123c59063bc6ff00cabd7abc9c54546a687ab8593953d428a28ae63a028a28a0028a28a0028a28a0028a28a0028a28a0028a28a0028a28a0028a28a0028a28a0028a28a0028a28a0028a28a0028a28a0028a28a0028a28a0028a28a002b95f883ff22b3ffd764fe75d5572bf107fe4567ffaec9fceb4a3fc48fa99d6fe1b3c9e8a28af6cf1828a28a0028a28a00d6d33fe40dacffd718fff00462d36ded2ca2d362bdbe17122cd33448903aa150a0124920e7ef0c0e3eb556cf50b8b112881a3db2a857592259030073d1811d6a68b5abe84bf96f08577126c36f194560301954ae14fb802b37195dd8b4e365736e0f0b4292cab325ddd225e7d9d9edc84112000ef6c86ec7d80c1e6b37ec7a6c16df6c9d6ea4825b978a248a55055571962c5793f30c0c0fad4b65ac5a8b248eede4f384cd248ed6b1dcf99bb1ff3d0fca7839c75efd2a98d6678279fec4a90db4931952078d6558cf62370382071918a84a77d4b6e16d3fadc9f50d163b057532b3ba5e9b7cf40576820e3d79f5ab9a8d969d63a45f422de57961d41a1498c8a1b8538cfcbd38e46793e958f06ad7d6e25d93e4c8fe6319115cefe7e6058121b9ea30686d5af644ba4925575ba7f3250f12b65b9f98647ca793c8c53e59bddff005a7fc1129416cbfad7fe014a8a28ad8c828a28a0028a28a00e8fc0bff2365bff00d737fe55ebf5e41e05ff0091b2dffeb9bff2af5faf2f19fc43d3c1ff000c28a28ae43a828a28a0028a28a0028a28a0028a28a0028a28a0028a28a0028a28a0028a28a0028a28a0028a28a0028a28a0028a28a0028a28a0028a28a0028a28a0028a28a002b0fc5da7c9a9786aea085774a009107a9539c7d48047e35b94846460d5465cad314973268f9fa8af50d77c0b6ba85c3dcdb39b699ce58aaee563ea578e7e845611f877779e2fe33ff6c4ff008d7ab1c4d36aed9e54b0d513b2471945765ff0aeef3fe7fa3ffbf47fc68ff857779ff3fd1ffdfa3fe355f58a7dc5f57a9d8e368aecbfe15dde7fcff47ff7e8ff008d1ff0aeef3fe7fa3ffbf47fc68fac53ee1f57a9d8e368aecbfe15dde7fcff0047ff007e8ff8d1ff000aeef3fe7fa3ff00bf47fc68fac53ee1f57a9d8e368aecbfe15dde7fcff47ff7e8ff008d456fe03bab88cbadec600774c188f5562a7bfb51ede9daf717b0a9d8e4a8aecbfe15dde7fcff0047ff007e8ff8d1ff000aeef3fe7fa3ff00bf47fc68fac53ee3fabd4ec71b45765ff0aeef3fe7fa3ffbf47fc68ff857779ff3fd1ffdfa3fe347d629f70fabd4ec71b45765ff000aeef3fe7fa3ff00bf47fc68ff00857779ff003fd1ff00dfa3fe347d629f70fabd4ec71b45765ff0aeef3fe7fa3ffbf47fc6ac5a7c3a3e683757cce9dd238f69fcc93fca93c453ee0b0f53b15be1e58492eb125f15fdd43194071d58e3f90fe62bd46a969da741a75aa5bdbc6238d06028abb5e656a9ed27cc7a5469fb385828a28ac8d428a28a0028a28a0028a28a0028a28a0028a28a0028a28a0028a28a0028a28a0028a28a0028a28a0028a28a0028a28a0028a28a0028a28a0028a28a0028a28a0028a28a0028c0f4a28a00303d28c0f4a28a00303d28c0f4a28a00303d28c0f4a28a00303d2a8e903fd033eb34c7ff0022355eaa3a3ffc83233eace7f36354be17fd7725fc4bfaec5ec0f4a303d28a2a4a0c0f4a303d28a2800c0f4a303d28a2800c0f4a28a2800a28a2800a28a2800a28a2800a28a2800a28a2800a28a2800a28a2800a28a2800a28a2800a28a2800a28a2800a28a2800a28a2800a28a2800a28a2800a28a2800a28a2800a28a2800a28a2800a28a2800a28a2800a28a2800a28a2800aa3a3ff00c822d8faae7f3357aa8e8dff00205b23eb0a9fcc552f85ff005dc97f12febb17a8a28a92828a28a0028a28a0028a28a0028a28a0028a28a0028a28a0028a28a0028a28a0028a28a0028a28a0028a28a0028a28a0028a28a0028a28a0028a28a0028a28a0028a28a0028a28a0028a28a0028a28a0028a28a0028a28a0028a28a0028a28a0028a28a0028a28a004638527d0553d1c6343d3c7a5b463ff001d156673b6da53e884fe950e9a36e95663d2041ff8e8aafb24fda2d5145152505145140051451400514514005145140051451400514514005145140051451400514514005145140051451400514514005145140051451400514514005145140051451400514514005145140051451400514514005145140051451400514514005145140051451401977b6b14dab422e0c8629a2640a25650194e7a023a82dff7cd258daa41aa4ab6ef38820884651e7775dc79e8c4e3000ffbea935abeb4b6b7123dcc2b35bc8b2843200c71d401ea54b0fc69fa35d5b4d6aa52e6192798996454903104f38e3d0607e15b7bdc9731f779ec69d1451589b0514514005145140051451400514514005145140051451400514514005145140051451400514514005145140051451400514514005145140051451400514514005145140051451400514514005145140051451400514514005145140051451400514514011cf325bc2d2c84851e83249ec07a9359d724b2abdfc922239c25a427e66fa91c93eb8e077cf5a74b7086e6e2ea5c982cbe5451fc52100923df0428f7269d6d0302679f06e641f39fee8fee8f61ff00d7ad52e557336f99d88613731ae2d34eb5b58fb076f9bf2518fd68984f2aff00a669b6f729d73136587b80c07f3ad0029c052e7d6f61f2696b946ddda38fcdb3924b8814e1e0933e627d33ce7d8fe15a114a9344b2c6c19186411556ea174ff4bb75ccf18e547fcb55fee9f7f4f43f8d4704a91dec6626cdb5eaf991e3a07c64e3fde1cfd41f5a1ae657127caec68d1451599a0514514005145140051451400514514005145140051451400514514005145140051451400514514005145140051451400514514005145140051451400514514005145140051451400514514005145140051451400514514005145140051451401849f3d8d9a9e935fbb3fe0cee3f551f956c015926365b5b88914b4b6775e7aa8eaca4efe3f0665fa8ad88d9658d64460c8c03291dc1ad6a77328760029c052d1591a8561a7c9656e07fcb1d41913d8798cb8fc01c56c4f325b4124d21c2229638acb8e1751a75ac8312991aea603b1e49ff00c7dc7e55a436339ee6c51451599a051451400514514005145140051451400514514005145140051451400514514005145140051451400514514005145140051451400514514005145140051451400514514005145140051451400514514005145140051451400514514005145140152ea274996f2052d222ed741ff2d13ae3ea3a8fc477a822730279b68a67b462498d78688f7c03db3fc3d47e95a55566b20f299a091a09cf574e8dfef2f43fcfdead496cc871ea848f53b190e05d44ac3aa3b6d61f55382289354b243b45c2492768e23bd8fe0326a1923d4186d92dec2e80e85d9a3fd36b7f3a238f510bb522b1b453d4a1693f4c2d5fb356bf4279ddedd4491cbecb8bc43144ac0c56ff0079ddbb120753e8074ebf4b16903ab497138027971900e4228e8a3e993f8934b059245279d23bcd39183248791ec07403e9566a252e88a51eac28a28a82c28a28a0028a28a0028a28a0028a28a0028a28a0028a28a0028a28a0028a28a0028a28a0028a28a0028a28a0028a28a00fffd9);

--
-- Indexes for dumped tables
--

--
-- Indexes for table `experiment`
--
ALTER TABLE `experiment`
  ADD PRIMARY KEY (`Expid`);

--
-- Indexes for table `student`
--
ALTER TABLE `student`
  ADD PRIMARY KEY (`Sid`);

--
-- Indexes for table `student-exp`
--
ALTER TABLE `student-exp`
  ADD PRIMARY KEY (`SEid`);

--
-- Indexes for table `subject`
--
ALTER TABLE `subject`
  ADD PRIMARY KEY (`Subid`);

--
-- Indexes for table `teacher`
--
ALTER TABLE `teacher`
  ADD PRIMARY KEY (`Tid`),
  ADD UNIQUE KEY `Username` (`Username`);

--
-- Indexes for table `upload`
--
ALTER TABLE `upload`
  ADD PRIMARY KEY (`id`);

--
-- AUTO_INCREMENT for dumped tables
--

--
-- AUTO_INCREMENT for table `experiment`
--
ALTER TABLE `experiment`
  MODIFY `Expid` int(11) NOT NULL AUTO_INCREMENT, AUTO_INCREMENT=29;
--
-- AUTO_INCREMENT for table `student`
--
ALTER TABLE `student`
  MODIFY `Sid` int(11) NOT NULL AUTO_INCREMENT, AUTO_INCREMENT=109;
--
-- AUTO_INCREMENT for table `student-exp`
--
ALTER TABLE `student-exp`
  MODIFY `SEid` int(11) NOT NULL AUTO_INCREMENT, AUTO_INCREMENT=43;
--
-- AUTO_INCREMENT for table `subject`
--
ALTER TABLE `subject`
  MODIFY `Subid` int(11) NOT NULL AUTO_INCREMENT, AUTO_INCREMENT=9;
--
-- AUTO_INCREMENT for table `teacher`
--
ALTER TABLE `teacher`
  MODIFY `Tid` int(11) NOT NULL AUTO_INCREMENT, AUTO_INCREMENT=6;
--
-- AUTO_INCREMENT for table `upload`
--
ALTER TABLE `upload`
  MODIFY `id` int(11) NOT NULL AUTO_INCREMENT, AUTO_INCREMENT=19;
/*!40101 SET CHARACTER_SET_CLIENT=@OLD_CHARACTER_SET_CLIENT */;
/*!40101 SET CHARACTER_SET_RESULTS=@OLD_CHARACTER_SET_RESULTS */;
/*!40101 SET COLLATION_CONNECTION=@OLD_COLLATION_CONNECTION */;
